,rank,channel_info,influence_score,posts,followers,avg_likes,60_day_eng_rate,new_post_avg_like,total_likes,country,Link,Category,Audience Country
0,1,cristiano,92,3.3k,475.8m,8.7m,1.39%,6.5m,29.0b,Spain,https://www.instagram.com/cristiano/,Sports with a ball,India
1,2,kyliejenner,91,6.9k,366.2m,8.3m,1.62%,5.9m,57.4b,United States,https://www.instagram.com/kyliejenner/,Fashion,United States
1,2,kyliejenner,91,6.9k,366.2m,8.3m,1.62%,5.9m,57.4b,United States,https://www.instagram.com/kyliejenner/,Modeling,United States
1,2,kyliejenner,91,6.9k,366.2m,8.3m,1.62%,5.9m,57.4b,United States,https://www.instagram.com/kyliejenner/,Beauty,United States
2,3,leomessi,90,0.89k,357.3m,6.8m,1.24%,4.4m,6.0b,,https://www.instagram.com/leomessi/,Sports with a ball,Argentina
2,3,leomessi,90,0.89k,357.3m,6.8m,1.24%,4.4m,6.0b,,https://www.instagram.com/leomessi/,Family,Argentina
3,4,selenagomez,93,1.8k,342.7m,6.2m,0.97%,3.3m,11.5b,United States,https://www.instagram.com/selenagomez/,Music,United States
3,4,selenagomez,93,1.8k,342.7m,6.2m,0.97%,3.3m,11.5b,United States,https://www.instagram.com/selenagomez/,Lifestyle,United States
4,5,therock,91,6.8k,334.1m,1.9m,0.20%,665.3k,12.5b,United States,https://www.instagram.com/therock/,Cinema,India
4,5,therock,91,6.8k,334.1m,1.9m,0.20%,665.3k,12.5b,United States,https://www.instagram.com/therock/,Actors/actresses,India
4,5,therock,91,6.8k,334.1m,1.9m,0.20%,665.3k,12.5b,United States,https://www.instagram.com/therock/,Fitness,India
4,5,therock,91,6.8k,334.1m,1.9m,0.20%,665.3k,12.5b,United States,https://www.instagram.com/therock/,Gym,India
5,6,kimkardashian,91,5.6k,329.2m,3.5m,0.88%,2.9m,19.9b,United States,https://www.instagram.com/kimkardashian/,Fashion,United States
5,6,kimkardashian,91,5.6k,329.2m,3.5m,0.88%,2.9m,19.9b,United States,https://www.instagram.com/kimkardashian/,Beauty,United States
6,7,arianagrande,92,5.0k,327.7m,3.7m,1.20%,3.9m,18.4b,United States,https://www.instagram.com/arianagrande/,Music,United States
7,8,beyonce,92,2.0k,272.8m,3.6m,0.76%,2.0m,7.4b,United States,https://www.instagram.com/beyonce/,Music,United States
7,8,beyonce,92,2.0k,272.8m,3.6m,0.76%,2.0m,7.4b,United States,https://www.instagram.com/beyonce/,Fashion,United States
8,9,khloekardashian,89,4.1k,268.3m,2.4m,0.35%,926.9k,9.8b,United States,https://www.instagram.com/khloekardashian/,Clothing,United States
8,9,khloekardashian,89,4.1k,268.3m,2.4m,0.35%,926.9k,9.8b,United States,https://www.instagram.com/khloekardashian/,Outfits,United States
8,9,khloekardashian,89,4.1k,268.3m,2.4m,0.35%,926.9k,9.8b,United States,https://www.instagram.com/khloekardashian/,Lifestyle,United States
9,10,justinbieber,91,7.4k,254.5m,1.9m,0.59%,1.5m,13.9b,Canada,https://www.instagram.com/justinbieber/,Music,India
10,11,kendalljenner,90,0.66k,254.0m,5.5m,2.04%,5.1m,3.7b,United States,https://www.instagram.com/kendalljenner/,Modeling,United States
10,11,kendalljenner,90,0.66k,254.0m,5.5m,2.04%,5.1m,3.7b,United States,https://www.instagram.com/kendalljenner/,Fashion,United States
11,12,natgeo,91,10.0k,237.0m,302.2k,0.07%,159.3k,3.0b,United States,https://www.instagram.com/natgeo/,Nature  landscapes,United States
11,12,natgeo,91,10.0k,237.0m,302.2k,0.07%,159.3k,3.0b,United States,https://www.instagram.com/natgeo/,Science,United States
11,12,natgeo,91,10.0k,237.0m,302.2k,0.07%,159.3k,3.0b,United States,https://www.instagram.com/natgeo/,Photography,United States
12,13,nike,90,0.95k,234.1m,329.0k,0.08%,181.8k,313.6m,United States,https://www.instagram.com/nike/,Fitness,United States
12,13,nike,90,0.95k,234.1m,329.0k,0.08%,181.8k,313.6m,United States,https://www.instagram.com/nike/,Gym,United States
12,13,nike,90,0.95k,234.1m,329.0k,0.08%,181.8k,313.6m,United States,https://www.instagram.com/nike/,Shopping,United States
12,13,nike,90,0.95k,234.1m,329.0k,0.08%,181.8k,313.6m,United States,https://www.instagram.com/nike/,Retail,United States
12,13,nike,90,0.95k,234.1m,329.0k,0.08%,181.8k,313.6m,United States,https://www.instagram.com/nike/,Clothing,United States
12,13,nike,90,0.95k,234.1m,329.0k,0.08%,181.8k,313.6m,United States,https://www.instagram.com/nike/,Outfits,United States
13,15,jlo,89,3.2k,220.4m,1.7m,0.62%,1.4m,5.3b,United States,https://www.instagram.com/jlo/,Music,United States
13,15,jlo,89,3.2k,220.4m,1.7m,0.62%,1.4m,5.3b,United States,https://www.instagram.com/jlo/,Cinema,United States
13,15,jlo,89,3.2k,220.4m,1.7m,0.62%,1.4m,5.3b,United States,https://www.instagram.com/jlo/,Actors/actresses,United States
14,16,virat.kohli,87,1.4k,211.8m,3.5m,0.96%,2.0m,4.9b,,https://www.instagram.com/virat.kohli/,Sports with a ball,India
15,17,nickiminaj,90,6.4k,201.6m,2.1m,0.53%,1.0m,13.5b,United States,https://www.instagram.com/nickiminaj/,Music,United States
16,18,kourtneykardash,89,4.4k,195.2m,1.8m,0.67%,1.3m,7.7b,United States,https://www.instagram.com/kourtneykardash/,Lifestyle,United States
17,19,mileycyrus,89,1.2k,181.5m,1.3m,0.51%,913.6k,1.6b,,https://www.instagram.com/mileycyrus/,Music,United States
18,20,neymarjr,90,5.3k,177.1m,2.7m,1.09%,1.9m,14.1b,Brazil,https://www.instagram.com/neymarjr/,Sports with a ball,Brazil
19,21,katyperry,92,2.0k,170.3m,715.0k,0.16%,265.1k,1.5b,,https://www.instagram.com/katyperry/,Music,Brazil
20,22,kevinhart4real,88,8.2k,152.0m,522.0k,0.08%,115.2k,4.3b,United States,https://www.instagram.com/kevinhart4real/,Cinema,United States
20,22,kevinhart4real,88,8.2k,152.0m,522.0k,0.08%,115.2k,4.3b,United States,https://www.instagram.com/kevinhart4real/,Actors/actresses,United States
21,23,zendaya,87,3.5k,150.7m,5.8m,3.17%,4.8m,20.6b,United States,https://www.instagram.com/zendaya/,Cinema,United States
21,23,zendaya,87,3.5k,150.7m,5.8m,3.17%,4.8m,20.6b,United States,https://www.instagram.com/zendaya/,Actors/actresses,United States
21,23,zendaya,87,3.5k,150.7m,5.8m,3.17%,4.8m,20.6b,United States,https://www.instagram.com/zendaya/,Fashion,United States
22,24,iamcardib,75,1.6k,140.5m,3.1m,1.10%,1.5m,5.0b,United States,https://www.instagram.com/iamcardib/,Music,United States
22,24,iamcardib,75,1.6k,140.5m,3.1m,1.10%,1.5m,5.0b,United States,https://www.instagram.com/iamcardib/,Fashion,United States
23,25,ddlovato,88,0.08k,139.1m,1.1m,0.27%,363.4k,91.3m,United States,https://www.instagram.com/ddlovato/,Music,United States
24,26,badgalriri,88,4.8k,135.3m,3.7m,0.02%,0,17.9b,United States,https://www.instagram.com/badgalriri/,Music,United States
24,26,badgalriri,88,4.8k,135.3m,3.7m,0.02%,0,17.9b,United States,https://www.instagram.com/badgalriri/,Beauty,United States
25,27,kingjames,86,2.3k,130.9m,2.1m,0.92%,1.2m,4.9b,,https://www.instagram.com/kingjames/,Sports with a ball,United States
26,28,theellenshow,87,10.0k,125.1m,420.5k,0.07%,81.7k,4.2b,United States,https://www.instagram.com/theellenshow/,Shows,United States
26,28,theellenshow,87,10.0k,125.1m,420.5k,0.07%,81.7k,4.2b,United States,https://www.instagram.com/theellenshow/,Cinema,United States
26,28,theellenshow,87,10.0k,125.1m,420.5k,0.07%,81.7k,4.2b,United States,https://www.instagram.com/theellenshow/,Actors/actresses,United States
27,29,realmadrid,90,6.9k,123.4m,996.2k,0.48%,588.3k,6.8b,Spain,https://www.instagram.com/realmadrid/,Sports with a ball,Spain
28,30,champagnepapi,85,5.2k,119.6m,1.7m,1.10%,1.3m,9.0b,Netherlands,https://www.instagram.com/champagnepapi/,Music,United States
29,31,chrisbrownofficial,86,7.3k,118.5m,463.2k,0.22%,255.9k,3.4b,United States,https://www.instagram.com/chrisbrownofficial/,Music,United States
30,32,fcbarcelona,90,10.0k,111.4m,1.2m,0.64%,706.3k,11.6b,,https://www.instagram.com/fcbarcelona/,Sports with a ball,Indonesia
31,33,billieeilish,73,0.69k,105.2m,8.5m,5.02%,5.2m,5.9b,,https://www.instagram.com/billieeilish/,Music,United States
32,34,dualipa,74,1.3k,85.9m,2.1m,1.26%,1.1m,2.6b,United Kingdom,https://www.instagram.com/dualipa/,Music,Mexico
33,35,gal_gadot,85,1.7k,85.6m,1.4m,0.69%,586.5k,2.3b,United States,https://www.instagram.com/gal_gadot/,Cinema,United States
33,35,gal_gadot,85,1.7k,85.6m,1.4m,0.69%,586.5k,2.3b,United States,https://www.instagram.com/gal_gadot/,Actors/actresses,United States
34,36,vindiesel,88,1.8k,82.3m,1.4m,0.60%,482.3k,2.5b,United States,https://www.instagram.com/vindiesel/,Cinema,Brazil
34,36,vindiesel,88,1.8k,82.3m,1.4m,0.60%,482.3k,2.5b,United States,https://www.instagram.com/vindiesel/,Actors/actresses,Brazil
35,37,nasa,88,3.6k,81.3m,1.2m,1.53%,1.2m,4.2b,United States,https://www.instagram.com/nasa/,Science,India
35,37,nasa,88,3.6k,81.3m,1.2m,1.53%,1.2m,4.2b,United States,https://www.instagram.com/nasa/,Photography,India
36,38,priyankachopra,85,3.6k,81.1m,1.6m,1.00%,802.9k,5.6b,United States,https://www.instagram.com/priyankachopra/,Cinema,India
36,38,priyankachopra,85,3.6k,81.1m,1.6m,1.00%,802.9k,5.6b,United States,https://www.instagram.com/priyankachopra/,Actors/actresses,India
37,39,lalalalisa_m,70,0.87k,80.9m,5.8m,9.00%,7.2m,5.1b,,https://www.instagram.com/lalalalisa_m/,Music,Indonesia
38,41,snoopdogg,86,10.0k,75.3m,203.7k,0.17%,125.8k,2.0b,,https://www.instagram.com/snoopdogg/,Lifestyle,United States
38,41,snoopdogg,86,10.0k,75.3m,203.7k,0.17%,125.8k,2.0b,,https://www.instagram.com/snoopdogg/,Music,United States
39,42,gigihadid,85,3.3k,75.3m,2.5m,2.56%,1.9m,8.2b,United States,https://www.instagram.com/gigihadid/,Modeling,United States
39,42,gigihadid,85,3.3k,75.3m,2.5m,2.56%,1.9m,8.2b,United States,https://www.instagram.com/gigihadid/,Lifestyle,United States
40,43,davidbeckham,86,1.5k,74.9m,1.2m,0.46%,340.9k,1.9b,United States,https://www.instagram.com/davidbeckham/,Family,India
40,43,davidbeckham,86,1.5k,74.9m,1.2m,0.46%,340.9k,1.9b,United States,https://www.instagram.com/davidbeckham/,Sports with a ball,India
41,44,shraddhakapoor,81,1.9k,73.9m,1.6m,1.17%,859.9k,3.0b,,https://www.instagram.com/shraddhakapoor/,Cinema,India
41,44,shraddhakapoor,81,1.9k,73.9m,1.6m,1.17%,859.9k,3.0b,,https://www.instagram.com/shraddhakapoor/,Actors/actresses,India
42,46,k.mbappe,86,1.2k,72.7m,2.5m,2.16%,1.6m,2.8b,,https://www.instagram.com/k.mbappe/,Sports with a ball,France
43,47,nehakakkar,84,2.3k,70.4m,1.5m,0.54%,370.1k,3.5b,India,https://www.instagram.com/nehakakkar/,Music,India
44,48,nba,87,12.9k,70.1m,370.8k,0.28%,196.9k,4.8b,United States,https://www.instagram.com/nba/,Sports with a ball,United States
45,49,shawnmendes,83,2.5k,69.9m,3.5m,2.87%,2.0m,8.8b,Canada,https://www.instagram.com/shawnmendes/,Music,Brazil
46,50,jennierubyjane,76,0.86k,68.9m,5.1m,8.36%,5.7m,4.4b,,https://www.instagram.com/jennierubyjane/,Music,Indonesia
47,51,narendramodi,85,0.54k,68.9m,2.9m,3.01%,2.0m,1.6b,India,https://www.instagram.com/narendramodi/,Finance,India
47,51,narendramodi,85,0.54k,68.9m,2.9m,3.01%,2.0m,1.6b,India,https://www.instagram.com/narendramodi/,Economics,India
47,51,narendramodi,85,0.54k,68.9m,2.9m,3.01%,2.0m,1.6b,India,https://www.instagram.com/narendramodi/,Business,India
47,51,narendramodi,85,0.54k,68.9m,2.9m,3.01%,2.0m,1.6b,India,https://www.instagram.com/narendramodi/,Careers,India
48,52,aliaabhatt,82,1.8k,68.7m,1.8m,3.14%,2.1m,3.3b,India,https://www.instagram.com/aliaabhatt/,Cinema,India
48,52,aliaabhatt,82,1.8k,68.7m,1.8m,3.14%,2.1m,3.3b,India,https://www.instagram.com/aliaabhatt/,Actors/actresses,India
49,53,deepikapadukone,83,0.26k,68.4m,1.6m,2.23%,1.5m,419.0m,India,https://www.instagram.com/deepikapadukone/,Cinema,India
49,53,deepikapadukone,83,0.26k,68.4m,1.6m,2.23%,1.5m,419.0m,India,https://www.instagram.com/deepikapadukone/,Actors/actresses,India
50,54,tomholland2013,77,1.2k,67.7m,5.4m,10.83%,7.3m,6.6b,,https://www.instagram.com/tomholland2013/,Cinema,United States
50,54,tomholland2013,77,1.2k,67.7m,5.4m,10.83%,7.3m,6.6b,,https://www.instagram.com/tomholland2013/,Actors/actresses,United States
51,55,ronaldinho,78,2.9k,67.7m,872.9k,0.49%,325.7k,2.6b,Brazil,https://www.instagram.com/ronaldinho/,Sports with a ball,Brazil
52,56,emmawatson,87,0.34k,67.3m,1.9m,0.01%,0,639.0m,United States,https://www.instagram.com/emmawatson/,Literature,United States
52,56,emmawatson,87,0.34k,67.3m,1.9m,0.01%,0,639.0m,United States,https://www.instagram.com/emmawatson/,Journalism,United States
52,56,emmawatson,87,0.34k,67.3m,1.9m,0.01%,0,639.0m,United States,https://www.instagram.com/emmawatson/,Cinema,United States
52,56,emmawatson,87,0.34k,67.3m,1.9m,0.01%,0,639.0m,United States,https://www.instagram.com/emmawatson/,Actors/actresses,United States
52,56,emmawatson,87,0.34k,67.3m,1.9m,0.01%,0,639.0m,United States,https://www.instagram.com/emmawatson/,Fashion,United States
53,58,katrinakaif,85,1.0k,66.3m,1.7m,2.25%,1.5m,1.7b,India,https://www.instagram.com/katrinakaif/,Beauty,India
54,59,marvel,82,7.0k,66.2m,332.3k,0.51%,339.0k,2.3b,Turkey,https://www.instagram.com/marvel/,Cinema,United States
54,59,marvel,82,7.0k,66.2m,332.3k,0.51%,339.0k,2.3b,Turkey,https://www.instagram.com/marvel/,Actors/actresses,United States
54,59,marvel,82,7.0k,66.2m,332.3k,0.51%,339.0k,2.3b,Turkey,https://www.instagram.com/marvel/,Comics  sketches,United States
54,59,marvel,82,7.0k,66.2m,332.3k,0.51%,339.0k,2.3b,Turkey,https://www.instagram.com/marvel/,Shows,United States
55,61,camila_cabello,77,2.9k,65.0m,1.9m,2.19%,1.4m,5.4b,United States,https://www.instagram.com/camila_cabello/,Music,Brazil
56,62,willsmith,82,1.4k,63.9m,1.4m,0.02%,0,1.9b,United States,https://www.instagram.com/willsmith/,Cinema,United States
56,62,willsmith,82,1.4k,63.9m,1.4m,0.02%,0,1.9b,United States,https://www.instagram.com/willsmith/,Actors/actresses,United States
56,62,willsmith,82,1.4k,63.9m,1.4m,0.02%,0,1.9b,United States,https://www.instagram.com/willsmith/,Music,United States
57,63,raffinagita1717,83,17.5k,63.5m,386.9k,0.58%,366.6k,6.8b,Indonesia,https://www.instagram.com/raffinagita1717/,Shows,Indonesia
58,64,anitta,82,5.1k,63.1m,855.5k,0.69%,426.2k,4.4b,United States,https://www.instagram.com/anitta/,Music,Brazil
59,65,sooyaaa__,82,0.83k,62.9m,4.5m,9.43%,5.9m,3.8b,,https://www.instagram.com/sooyaaa__/,Music,Indonesia
59,65,sooyaaa__,82,0.83k,62.9m,4.5m,9.43%,5.9m,3.8b,,https://www.instagram.com/sooyaaa__/,Beauty,Indonesia
60,66,maluma,84,8.2k,62.8m,1.2m,1.12%,696.3k,9.8b,Colombia,https://www.instagram.com/maluma/,Music,Italy
61,67,akshaykumar,85,1.9k,62.8m,1.5m,1.01%,624.9k,2.9b,,https://www.instagram.com/akshaykumar/,Cinema,India
61,67,akshaykumar,85,1.9k,62.8m,1.5m,1.01%,624.9k,2.9b,,https://www.instagram.com/akshaykumar/,Actors/actresses,India
62,68,jacquelinef143,85,2.4k,62.7m,1.1m,1.15%,718.8k,2.8b,India,https://www.instagram.com/jacquelinef143/,Cinema,India
62,68,jacquelinef143,85,2.4k,62.7m,1.1m,1.15%,718.8k,2.8b,India,https://www.instagram.com/jacquelinef143/,Actors/actresses,India
63,69,psg,86,10.0k,61.9m,500.5k,0.52%,322.2k,5.0b,France,https://www.instagram.com/psg/,Sports with a ball,Brazil
64,70,roses_are_rosie,82,0.82k,61.8m,4.6m,9.72%,6.0m,3.8b,,https://www.instagram.com/roses_are_rosie/,Music,Indonesia
65,71,manchesterunited,85,9.9k,59.6m,381.8k,0.41%,241.6k,3.8b,United Kingdom,https://www.instagram.com/manchesterunited/,Sports with a ball,United Kingdom
66,72,anushkasharma,85,1.2k,59.5m,1.9m,2.34%,1.4m,2.2b,,https://www.instagram.com/anushkasharma/,Cinema,India
66,72,anushkasharma,85,1.2k,59.5m,1.9m,2.34%,1.4m,2.2b,,https://www.instagram.com/anushkasharma/,Actors/actresses,India
67,73,whinderssonnunes,79,2.7k,58.7m,1.6m,0.58%,323.1k,4.4b,Brazil,https://www.instagram.com/whinderssonnunes/,Humor,Brazil
67,73,whinderssonnunes,79,2.7k,58.7m,1.6m,0.58%,323.1k,4.4b,Brazil,https://www.instagram.com/whinderssonnunes/,Fun,Brazil
67,73,whinderssonnunes,79,2.7k,58.7m,1.6m,0.58%,323.1k,4.4b,Brazil,https://www.instagram.com/whinderssonnunes/,Happiness,Brazil
68,74,9gag,86,10.0k,58.1m,672.6k,0.44%,248.6k,6.7b,United States,https://www.instagram.com/9gag/,Humor,Indonesia
68,74,9gag,86,10.0k,58.1m,672.6k,0.44%,248.6k,6.7b,United States,https://www.instagram.com/9gag/,Fun,Indonesia
68,74,9gag,86,10.0k,58.1m,672.6k,0.44%,248.6k,6.7b,United States,https://www.instagram.com/9gag/,Happiness,Indonesia
69,75,marcelotwelve,86,2.7k,58.1m,690.9k,0.78%,448.3k,1.9b,Brazil,https://www.instagram.com/marcelotwelve/,Sports with a ball,Spain
70,76,milliebobbybrown,80,0.28k,57.6m,4.0m,8.63%,5.0m,1.1b,United States,https://www.instagram.com/milliebobbybrown/,Cinema,Brazil
70,76,milliebobbybrown,80,0.28k,57.6m,4.0m,8.63%,5.0m,1.1b,United States,https://www.instagram.com/milliebobbybrown/,Actors/actresses,Brazil
71,77,karimbenzema,42,2.0k,56.9m,878.5k,1.62%,918.9k,1.8b,Spain,https://www.instagram.com/karimbenzema/,Sports with a ball,France
72,78,chrishemsworth,86,0.88k,55.9m,2.8m,3.69%,2.1m,2.5b,Australia,https://www.instagram.com/chrishemsworth/,Cinema,India
72,78,chrishemsworth,86,0.88k,55.9m,2.8m,3.69%,2.1m,2.5b,Australia,https://www.instagram.com/chrishemsworth/,Actors/actresses,India
73,79,karolg,83,3.3k,55.6m,3.1m,10.25%,5.7m,10.1b,India,https://www.instagram.com/karolg/,Music,Mexico
74,80,paulpogba,80,1.3k,55.2m,1.4m,0.85%,462.6k,1.8b,France,https://www.instagram.com/paulpogba/,Sports with a ball,Brazil
75,81,iamzlatanibrahimovic,86,0.87k,55.1m,1.5m,1.53%,837.1k,1.3b,,https://www.instagram.com/iamzlatanibrahimovic/,Sports with a ball,Italy
76,82,leonardodicaprio,86,1.7k,54.6m,395.5k,0.20%,107.6k,669.3m,,https://www.instagram.com/leonardodicaprio/,Cinema,United States
76,82,leonardodicaprio,86,1.7k,54.6m,395.5k,0.20%,107.6k,669.3m,,https://www.instagram.com/leonardodicaprio/,Actors/actresses,United States
77,83,juventus,87,10.0k,54.5m,194.8k,0.25%,135.5k,1.9b,,https://www.instagram.com/juventus/,Sports with a ball,India
78,84,zacefron,86,0.66k,54.5m,2.3m,8.18%,4.4m,1.5b,United States,https://www.instagram.com/zacefron/,Cinema,United States
78,84,zacefron,86,0.66k,54.5m,2.3m,8.18%,4.4m,1.5b,United States,https://www.instagram.com/zacefron/,Actors/actresses,United States
79,85,bellahadid,79,3.2k,54.1m,1.1m,2.06%,1.1m,3.6b,United Kingdom,https://www.instagram.com/bellahadid/,Modeling,United States
80,86,tatawerneck,86,5.6k,53.9m,959.8k,0.51%,266.5k,5.4b,Brazil,https://www.instagram.com/tatawerneck/,Cinema,Brazil
80,86,tatawerneck,86,5.6k,53.9m,959.8k,0.51%,266.5k,5.4b,Brazil,https://www.instagram.com/tatawerneck/,Actors/actresses,Brazil
80,86,tatawerneck,86,5.6k,53.9m,959.8k,0.51%,266.5k,5.4b,Brazil,https://www.instagram.com/tatawerneck/,Family,Brazil
81,87,beingsalmankhan,76,1.2k,53.5m,1.4m,1.33%,693.9k,1.6b,India,https://www.instagram.com/beingsalmankhan/,Cinema,India
81,87,beingsalmankhan,76,1.2k,53.5m,1.4m,1.33%,693.9k,1.6b,India,https://www.instagram.com/beingsalmankhan/,Actors/actresses,India
81,87,beingsalmankhan,76,1.2k,53.5m,1.4m,1.33%,693.9k,1.6b,India,https://www.instagram.com/beingsalmankhan/,Art,India
81,87,beingsalmankhan,76,1.2k,53.5m,1.4m,1.33%,693.9k,1.6b,India,https://www.instagram.com/beingsalmankhan/,Artists,India
82,89,sunnyleone,84,4.6k,53.4m,764.0k,0.57%,301.3k,3.5b,,https://www.instagram.com/sunnyleone/,Beauty,India
82,89,sunnyleone,84,4.6k,53.4m,764.0k,0.57%,301.3k,3.5b,,https://www.instagram.com/sunnyleone/,Cinema,India
82,89,sunnyleone,84,4.6k,53.4m,764.0k,0.57%,301.3k,3.5b,,https://www.instagram.com/sunnyleone/,Actors/actresses,India
83,90,ladygaga,83,3.6k,53.2m,1.4m,1.02%,531.6k,5.1b,United States,https://www.instagram.com/ladygaga/,Music,United States
83,90,ladygaga,83,3.6k,53.2m,1.4m,1.02%,531.6k,5.1b,United States,https://www.instagram.com/ladygaga/,Cinema,United States
83,90,ladygaga,83,3.6k,53.2m,1.4m,1.02%,531.6k,5.1b,United States,https://www.instagram.com/ladygaga/,Actors/actresses,United States
84,91,dishapatani,74,2.1k,53.0m,1.6m,1.85%,971.7k,3.4b,United States,https://www.instagram.com/dishapatani/,Cinema,India
84,91,dishapatani,74,2.1k,53.0m,1.6m,1.85%,971.7k,3.4b,United States,https://www.instagram.com/dishapatani/,Actors/actresses,India
84,91,dishapatani,74,2.1k,53.0m,1.6m,1.85%,971.7k,3.4b,United States,https://www.instagram.com/dishapatani/,Lifestyle,India
85,92,sergioramos,87,2.2k,52.8m,1.1m,1.06%,557.9k,2.5b,,https://www.instagram.com/sergioramos/,Sports with a ball,Spain
86,93,jbalvin,87,10.0k,52.8m,878.0k,0.66%,340.5k,8.8b,,https://www.instagram.com/jbalvin/,Music,Mexico
87,94,mosalah,22,0.84k,52.5m,1.8m,2.18%,1.1m,1.5b,,https://www.instagram.com/mosalah/,Sports with a ball,Egypt
88,95,ayutingting92,85,10.0k,52.4m,147.3k,0.11%,56.3k,1.5b,Indonesia,https://www.instagram.com/ayutingting92/,Music,Indonesia
88,95,ayutingting92,85,10.0k,52.4m,147.3k,0.11%,56.3k,1.5b,Indonesia,https://www.instagram.com/ayutingting92/,Lifestyle,Indonesia
89,96,433,79,10.3k,51.2m,863.2k,1.52%,774.2k,8.9b,Netherlands,https://www.instagram.com/433/,Sports with a ball,Spain
90,97,hudabeauty,82,2.4k,50.8m,186.4k,0.04%,16.8k,453.6m,United States,https://www.instagram.com/hudabeauty/,Beauty,Brazil
91,98,adele,84,0.42k,50.7m,4.7m,3.82%,1.9m,2.0b,United States,https://www.instagram.com/adele/,Music,United States
92,99,michelleobama,85,0.60k,50.7m,700.5k,1.22%,611.2k,421.7m,,https://www.instagram.com/michelleobama/,Finance,United States
92,99,michelleobama,85,0.60k,50.7m,700.5k,1.22%,611.2k,421.7m,,https://www.instagram.com/michelleobama/,Economics,United States
92,99,michelleobama,85,0.60k,50.7m,700.5k,1.22%,611.2k,421.7m,,https://www.instagram.com/michelleobama/,Business,United States
92,99,michelleobama,85,0.60k,50.7m,700.5k,1.22%,611.2k,421.7m,,https://www.instagram.com/michelleobama/,Careers,United States
92,99,michelleobama,85,0.60k,50.7m,700.5k,1.22%,611.2k,421.7m,,https://www.instagram.com/michelleobama/,Family,United States
93,100,kritisanon,76,2.7k,50.2m,897.2k,1.21%,604.4k,2.4b,India,https://www.instagram.com/kritisanon/,Modeling,India
94,101,jamesrodriguez10,86,1.1k,49.9m,1.4m,0.75%,363.9k,1.5b,Colombia,https://www.instagram.com/jamesrodriguez10/,Sports with a ball,Colombia
95,102,krisjenner,80,6.4k,49.7m,356.8k,0.91%,452.9k,2.3b,United States,https://www.instagram.com/krisjenner/,Shows,United States
95,102,krisjenner,80,6.4k,49.7m,356.8k,0.91%,452.9k,2.3b,United States,https://www.instagram.com/krisjenner/,Beauty,United States
95,102,krisjenner,80,6.4k,49.7m,356.8k,0.91%,452.9k,2.3b,United States,https://www.instagram.com/krisjenner/,Family,United States
96,103,thv,83,0.06k,49.3m,15.4m,25.80%,12.6m,987.4m,,https://www.instagram.com/thv/,,
97,104,lelepons,81,2.5k,49.2m,2.4m,3.55%,1.7m,6.1b,United States,https://www.instagram.com/lelepons/,Music,Mexico
98,105,charlidamelio,80,0.15k,49.1m,4.2m,3.28%,1.6m,654.4m,,https://www.instagram.com/charlidamelio/,Lifestyle,United States
98,105,charlidamelio,80,0.15k,49.1m,4.2m,3.28%,1.6m,654.4m,,https://www.instagram.com/charlidamelio/,Shows,United States
99,106,gucci,86,8.9k,49.0m,115.1k,0.15%,72.4k,1.0b,Italy,https://www.instagram.com/gucci/,Accessories,United States
99,106,gucci,86,8.9k,49.0m,115.1k,0.15%,72.4k,1.0b,Italy,https://www.instagram.com/gucci/,Jewellery,United States
99,106,gucci,86,8.9k,49.0m,115.1k,0.15%,72.4k,1.0b,Italy,https://www.instagram.com/gucci/,Clothing,United States
99,106,gucci,86,8.9k,49.0m,115.1k,0.15%,72.4k,1.0b,Italy,https://www.instagram.com/gucci/,Outfits,United States
99,106,gucci,86,8.9k,49.0m,115.1k,0.15%,72.4k,1.0b,Italy,https://www.instagram.com/gucci/,Fashion,United States
100,107,prillylatuconsina96,84,6.5k,48.9m,372.4k,0.27%,131.8k,2.4b,Indonesia,https://www.instagram.com/prillylatuconsina96/,Cinema,Indonesia
100,107,prillylatuconsina96,84,6.5k,48.9m,372.4k,0.27%,131.8k,2.4b,Indonesia,https://www.instagram.com/prillylatuconsina96/,Actors/actresses,Indonesia
100,107,prillylatuconsina96,84,6.5k,48.9m,372.4k,0.27%,131.8k,2.4b,Indonesia,https://www.instagram.com/prillylatuconsina96/,Music,Indonesia
101,108,louisvuitton,82,6.5k,48.7m,127.5k,0.08%,40.5k,824.0m,France,https://www.instagram.com/louisvuitton/,Fashion,Brazil
101,108,louisvuitton,82,6.5k,48.7m,127.5k,0.08%,40.5k,824.0m,France,https://www.instagram.com/louisvuitton/,Clothing,Brazil
101,108,louisvuitton,82,6.5k,48.7m,127.5k,0.08%,40.5k,824.0m,France,https://www.instagram.com/louisvuitton/,Outfits,Brazil
101,108,louisvuitton,82,6.5k,48.7m,127.5k,0.08%,40.5k,824.0m,France,https://www.instagram.com/louisvuitton/,Accessories,Brazil
101,108,louisvuitton,82,6.5k,48.7m,127.5k,0.08%,40.5k,824.0m,France,https://www.instagram.com/louisvuitton/,Jewellery,Brazil
102,109,paulodybala,85,1.3k,48.3m,1.8m,2.88%,1.4m,2.3b,,https://www.instagram.com/paulodybala/,Sports with a ball,Argentina
103,110,blackpinkofficial,85,1.4k,48.2m,2.1m,2.77%,1.3m,3.0b,,https://www.instagram.com/blackpinkofficial/,Music,Indonesia
104,111,dovecameron,85,0.17k,48.2m,1.6m,1.75%,841.4k,283.0m,United States,https://www.instagram.com/dovecameron/,Cinema,United States
104,111,dovecameron,85,0.17k,48.2m,1.6m,1.75%,841.4k,283.0m,United States,https://www.instagram.com/dovecameron/,Actors/actresses,United States
105,112,garethbale11,86,0.98k,48.1m,763.0k,1.43%,681.3k,753.1m,,https://www.instagram.com/garethbale11/,Sports with a ball,Spain
106,113,jokowi,85,3.5k,47.7m,452.6k,0.41%,189.6k,1.6b,,https://www.instagram.com/jokowi/,Finance,Indonesia
106,113,jokowi,85,3.5k,47.7m,452.6k,0.41%,189.6k,1.6b,,https://www.instagram.com/jokowi/,Economics,Indonesia
107,114,nusr_et,81,2.3k,47.3m,728.2k,0.29%,133.0k,1.7b,United Arab Emirates,https://www.instagram.com/nusr_et/,Food,Turkey
107,114,nusr_et,81,2.3k,47.3m,728.2k,0.29%,133.0k,1.7b,United Arab Emirates,https://www.instagram.com/nusr_et/,Cooking,Turkey
108,115,harrystyles,57,0.59k,46.9m,4.7m,6.38%,2.9m,2.8b,United States,https://www.instagram.com/harrystyles/,Music,Brazil
108,115,harrystyles,57,0.59k,46.9m,4.7m,6.38%,2.9m,2.8b,United States,https://www.instagram.com/harrystyles/,Fashion,Brazil
109,116,haileybieber,85,2.1k,46.9m,2.0m,3.47%,1.6m,4.2b,,https://www.instagram.com/haileybieber/,Lifestyle,United States
109,116,haileybieber,85,2.1k,46.9m,2.0m,3.47%,1.6m,4.2b,,https://www.instagram.com/haileybieber/,Modeling,United States
110,117,vanessahudgens,84,4.2k,46.8m,633.9k,0.63%,292.9k,2.7b,United States,https://www.instagram.com/vanessahudgens/,Cinema,United States
110,117,vanessahudgens,84,4.2k,46.8m,633.9k,0.63%,292.9k,2.7b,United States,https://www.instagram.com/vanessahudgens/,Actors/actresses,United States
111,119,zayn,82,0.16k,46.5m,4.7m,8.81%,4.0m,773.5m,United States,https://www.instagram.com/zayn/,Music,India
112,120,larissamanoela,85,5.2k,46.5m,579.6k,0.57%,259.4k,3.0b,Brazil,https://www.instagram.com/larissamanoela/,Cinema,Brazil
112,120,larissamanoela,85,5.2k,46.5m,579.6k,0.57%,259.4k,3.0b,Brazil,https://www.instagram.com/larissamanoela/,Actors/actresses,Brazil
113,122,thenotoriousmma,82,3.2k,45.9m,1.1m,0.69%,311.5k,3.5b,United States,https://www.instagram.com/thenotoriousmma/,Fitness,United States
113,122,thenotoriousmma,82,3.2k,45.9m,1.1m,0.69%,311.5k,3.5b,United States,https://www.instagram.com/thenotoriousmma/,Gym,United States
114,124,natgeotravel,82,16.9k,45.8m,189.9k,0.12%,52.8k,3.2b,United States,https://www.instagram.com/natgeotravel/,Nature  landscapes,United States
114,124,natgeotravel,82,16.9k,45.8m,189.9k,0.12%,52.8k,3.2b,United States,https://www.instagram.com/natgeotravel/,Photography,United States
114,124,natgeotravel,82,16.9k,45.8m,189.9k,0.12%,52.8k,3.2b,United States,https://www.instagram.com/natgeotravel/,Travel,United States
115,126,stephencurry30,84,1.1k,45.4m,1.1m,2.76%,1.2m,1.2b,,https://www.instagram.com/stephencurry30/,Sports with a ball,United States
115,126,stephencurry30,84,1.1k,45.4m,1.1m,2.76%,1.2m,1.2b,,https://www.instagram.com/stephencurry30/,Family,United States
116,127,vancityreynolds,86,0.68k,44.8m,1.4m,2.61%,1.2m,925.7m,,https://www.instagram.com/vancityreynolds/,Cinema,United States
116,127,vancityreynolds,86,0.68k,44.8m,1.4m,2.61%,1.2m,925.7m,,https://www.instagram.com/vancityreynolds/,Actors/actresses,United States
117,128,maisa,42,1.5k,44.5m,553.0k,0.67%,294.1k,820.1m,Brazil,https://www.instagram.com/maisa/,Music,Brazil
118,129,luissuarez9,85,0.97k,44.2m,801.8k,0.96%,414.8k,782.5m,,https://www.instagram.com/luissuarez9/,Sports with a ball,Brazil
119,130,gusttavolima,76,4.9k,43.9m,475.1k,0.71%,303.9k,2.3b,Brazil,https://www.instagram.com/gusttavolima/,Music,Brazil
120,131,jannatzubair29,84,1.6k,43.8m,1.3m,2.18%,944.3k,2.2b,,https://www.instagram.com/jannatzubair29/,Cinema,India
120,131,jannatzubair29,84,1.6k,43.8m,1.3m,2.18%,944.3k,2.2b,,https://www.instagram.com/jannatzubair29/,Actors/actresses,India
121,132,varundvn,84,1.9k,43.8m,1.1m,1.48%,640.5k,2.0b,India,https://www.instagram.com/varundvn/,Cinema,India
121,132,varundvn,84,1.9k,43.8m,1.1m,1.48%,640.5k,2.0b,India,https://www.instagram.com/varundvn/,Actors/actresses,India
122,133,hrithikroshan,85,0.58k,43.7m,1.6m,3.82%,1.6m,949.9m,CÃ´te d'Ivoire,https://www.instagram.com/hrithikroshan/,Cinema,India
122,133,hrithikroshan,85,0.58k,43.7m,1.6m,3.82%,1.6m,949.9m,CÃ´te d'Ivoire,https://www.instagram.com/hrithikroshan/,Actors/actresses,India
123,136,brunamarquezine,84,3.0k,43.1m,969.7k,1.05%,444.2k,2.9b,United States,https://www.instagram.com/brunamarquezine/,Cinema,Brazil
123,136,brunamarquezine,84,3.0k,43.1m,969.7k,1.05%,444.2k,2.9b,United States,https://www.instagram.com/brunamarquezine/,Actors/actresses,Brazil
124,137,caradelevingne,86,4.4k,42.9m,790.2k,0.43%,181.0k,3.5b,United States,https://www.instagram.com/caradelevingne/,Modeling,United States
124,137,caradelevingne,86,4.4k,42.9m,790.2k,0.43%,181.0k,3.5b,United States,https://www.instagram.com/caradelevingne/,Cinema,United States
124,137,caradelevingne,86,4.4k,42.9m,790.2k,0.43%,181.0k,3.5b,United States,https://www.instagram.com/caradelevingne/,Actors/actresses,United States
125,138,kapilsharma,83,0.95k,42.2m,736.4k,1.49%,624.5k,710.7m,,https://www.instagram.com/kapilsharma/,Cinema,India
125,138,kapilsharma,83,0.95k,42.2m,736.4k,1.49%,624.5k,710.7m,,https://www.instagram.com/kapilsharma/,Actors/actresses,India
125,138,kapilsharma,83,0.95k,42.2m,736.4k,1.49%,624.5k,710.7m,,https://www.instagram.com/kapilsharma/,Shows,India
126,139,badbunnypr,83,0.01k,42.1m,3.7m,13.09%,5.4m,67.5m,,https://www.instagram.com/badbunnypr/,Music,United States
127,140,britneyspears,80,3.0k,42.1m,513.1k,0.55%,221.7k,1.6b,Turkey,https://www.instagram.com/britneyspears/,Music,United States
128,143,norafatehi,83,1.7k,41.6m,1.4m,1.76%,727.5k,2.3b,Anguilla,https://www.instagram.com/norafatehi/,Cinema,India
128,143,norafatehi,83,1.7k,41.6m,1.4m,1.76%,727.5k,2.3b,Anguilla,https://www.instagram.com/norafatehi/,Actors/actresses,India
128,143,norafatehi,83,1.7k,41.6m,1.4m,1.76%,727.5k,2.3b,Anguilla,https://www.instagram.com/norafatehi/,Music,India
128,143,norafatehi,83,1.7k,41.6m,1.4m,1.76%,727.5k,2.3b,Anguilla,https://www.instagram.com/norafatehi/,Shows,India
129,144,theweeknd,83,0.67k,41.5m,1.1m,3.97%,1.6m,767.0m,,https://www.instagram.com/theweeknd/,Music,United States
130,146,ranveersingh,85,1.8k,40.8m,1.0m,0.76%,299.3k,1.8b,Switzerland,https://www.instagram.com/ranveersingh/,Cinema,India
130,146,ranveersingh,85,1.8k,40.8m,1.0m,0.76%,299.3k,1.8b,Switzerland,https://www.instagram.com/ranveersingh/,Actors/actresses,India
130,146,ranveersingh,85,1.8k,40.8m,1.0m,0.76%,299.3k,1.8b,Switzerland,https://www.instagram.com/ranveersingh/,Modeling,India
130,146,ranveersingh,85,1.8k,40.8m,1.0m,0.76%,299.3k,1.8b,Switzerland,https://www.instagram.com/ranveersingh/,Clothing,India
130,146,ranveersingh,85,1.8k,40.8m,1.0m,0.76%,299.3k,1.8b,Switzerland,https://www.instagram.com/ranveersingh/,Outfits,India
131,147,marinaruybarbosa,81,2.1k,40.7m,586.4k,0.01%,0,1.2b,Brazil,https://www.instagram.com/marinaruybarbosa/,Cinema,Brazil
131,147,marinaruybarbosa,81,2.1k,40.7m,586.4k,0.01%,0,1.2b,Brazil,https://www.instagram.com/marinaruybarbosa/,Actors/actresses,Brazil
132,148,jenniferaniston,85,0.09k,40.7m,4.6m,1.88%,731.0k,452.0m,,https://www.instagram.com/jenniferaniston/,Cinema,Brazil
132,148,jenniferaniston,85,0.09k,40.7m,4.6m,1.88%,731.0k,452.0m,,https://www.instagram.com/jenniferaniston/,Actors/actresses,Brazil
133,149,addisonraee,85,0.30k,40.1m,3.1m,2.49%,994.4k,957.9m,,https://www.instagram.com/addisonraee/,Beauty,United States
134,150,andresiniesta8,85,2.0k,40.0m,250.8k,0.41%,161.7k,500.5m,Spain,https://www.instagram.com/andresiniesta8/,Sports with a ball,Spain
135,152,liverpoolfc,75,10.0k,39.9m,346.7k,0.42%,162.9k,3.5b,United Kingdom,https://www.instagram.com/liverpoolfc/,Sports with a ball,United Kingdom
136,153,teddysphotos,80,2.3k,39.9m,715.5k,0.46%,181.1k,1.7b,United States,https://www.instagram.com/teddysphotos/,Music,United States
137,155,natashawilona12,84,1.2k,39.2m,486.5k,0.59%,227.7k,563.9m,,https://www.instagram.com/natashawilona12/,Beauty,Indonesia
138,157,georginagio,74,0.73k,39.1m,2.2m,8.56%,3.3m,1.6b,,https://www.instagram.com/georginagio/,Lifestyle,India
138,157,georginagio,74,0.73k,39.1m,2.2m,8.56%,3.3m,1.6b,,https://www.instagram.com/georginagio/,Fashion,India
138,157,georginagio,74,0.73k,39.1m,2.2m,8.56%,3.3m,1.6b,,https://www.instagram.com/georginagio/,Clothing,India
138,157,georginagio,74,0.73k,39.1m,2.2m,8.56%,3.3m,1.6b,,https://www.instagram.com/georginagio/,Outfits,India
139,158,cznburak,80,1.8k,39.0m,815.8k,1.01%,383.3k,1.4b,,https://www.instagram.com/cznburak/,Food,Turkey
139,158,cznburak,80,1.8k,39.0m,815.8k,1.01%,383.3k,1.4b,,https://www.instagram.com/cznburak/,Cooking,Turkey
140,159,chrissyteigen,79,5.1k,38.9m,623.1k,0.43%,162.1k,3.2b,United States,https://www.instagram.com/chrissyteigen/,Shows,United States
140,159,chrissyteigen,79,5.1k,38.9m,623.1k,0.43%,162.1k,3.2b,United States,https://www.instagram.com/chrissyteigen/,Modeling,United States
141,160,ruben_onsu,75,13.4k,38.8m,139.3k,0.13%,49.1k,1.9b,Indonesia,https://www.instagram.com/ruben_onsu/,Cinema,Indonesia
141,160,ruben_onsu,75,13.4k,38.8m,139.3k,0.13%,49.1k,1.9b,Indonesia,https://www.instagram.com/ruben_onsu/,Actors/actresses,Indonesia
141,160,ruben_onsu,75,13.4k,38.8m,139.3k,0.13%,49.1k,1.9b,Indonesia,https://www.instagram.com/ruben_onsu/,Shows,Indonesia
142,161,wizkhalifa,80,0.50k,38.7m,398.7k,0.31%,115.7k,199.8m,United States,https://www.instagram.com/wizkhalifa/,Music,India
142,161,wizkhalifa,80,0.50k,38.7m,398.7k,0.31%,115.7k,199.8m,United States,https://www.instagram.com/wizkhalifa/,Art,India
142,161,wizkhalifa,80,0.50k,38.7m,398.7k,0.31%,115.7k,199.8m,United States,https://www.instagram.com/wizkhalifa/,Artists,India
143,163,anushkasen0408,85,5.3k,38.3m,695.4k,1.75%,658.3k,3.7b,,https://www.instagram.com/anushkasen0408/,Cinema,India
143,163,anushkasen0408,85,5.3k,38.3m,695.4k,1.75%,658.3k,3.7b,,https://www.instagram.com/anushkasen0408/,Actors/actresses,India
144,164,prattprattpratt,84,0.73k,38.3m,813.5k,1.00%,363.8k,594.7m,,https://www.instagram.com/prattprattpratt/,Cinema,United States
144,164,prattprattpratt,84,0.73k,38.3m,813.5k,1.00%,363.8k,594.7m,,https://www.instagram.com/prattprattpratt/,Actors/actresses,United States
145,165,marvelstudios,83,2.7k,38.1m,594.2k,1.58%,555.9k,1.6b,,https://www.instagram.com/marvelstudios/,Cinema,India
145,165,marvelstudios,83,2.7k,38.1m,594.2k,1.58%,555.9k,1.6b,,https://www.instagram.com/marvelstudios/,Actors/actresses,India
145,165,marvelstudios,83,2.7k,38.1m,594.2k,1.58%,555.9k,1.6b,,https://www.instagram.com/marvelstudios/,Comics  sketches,India
146,166,wesleysafadao,80,8.9k,37.4m,256.1k,0.02%,0,2.3b,,https://www.instagram.com/wesleysafadao/,Music,Brazil
147,167,parineetichopra,84,1.3k,37.4m,505.7k,0.68%,246.9k,672.1m,,https://www.instagram.com/parineetichopra/,Cinema,India
147,167,parineetichopra,84,1.3k,37.4m,505.7k,0.68%,246.9k,672.1m,,https://www.instagram.com/parineetichopra/,Actors/actresses,India
148,168,rkive,83,0.11k,37.0m,10.9m,NaN%,0,1.2b,,https://www.instagram.com/rkive/,,
149,170,antogriezmann,83,0.87k,36.5m,1.1m,0.57%,203.6k,955.4m,France,https://www.instagram.com/antogriezmann/,Sports with a ball,Spain
150,172,eminem,84,0.66k,36.4m,1.1m,2.69%,962.7k,730.1m,United States,https://www.instagram.com/eminem/,Cinema,Iran
150,172,eminem,84,0.66k,36.4m,1.1m,2.69%,962.7k,730.1m,United States,https://www.instagram.com/eminem/,Actors/actresses,Iran
150,172,eminem,84,0.66k,36.4m,1.1m,2.69%,962.7k,730.1m,United States,https://www.instagram.com/eminem/,Music,Iran
151,173,mercedesbenz,77,10.0k,36.0m,197.9k,0.18%,64.6k,2.0b,British Virgin Islands,https://www.instagram.com/mercedesbenz/,Cars,Iran
151,173,mercedesbenz,77,10.0k,36.0m,197.9k,0.18%,64.6k,2.0b,British Virgin Islands,https://www.instagram.com/mercedesbenz/,Motorbikes,Iran
151,173,mercedesbenz,77,10.0k,36.0m,197.9k,0.18%,64.6k,2.0b,British Virgin Islands,https://www.instagram.com/mercedesbenz/,Luxury,Iran
152,175,nattinatasha,47,0.03k,35.9m,518.1k,0.80%,285.9k,18.7m,Czech Republic,https://www.instagram.com/nattinatasha/,Music,Mexico
152,175,nattinatasha,47,0.03k,35.9m,518.1k,0.80%,285.9k,18.7m,Czech Republic,https://www.instagram.com/nattinatasha/,Cinema,Mexico
152,175,nattinatasha,47,0.03k,35.9m,518.1k,0.80%,285.9k,18.7m,Czech Republic,https://www.instagram.com/nattinatasha/,Actors/actresses,Mexico
153,176,shahidkapoor,82,1.1k,35.6m,1.3m,2.54%,780.0k,1.5b,,https://www.instagram.com/shahidkapoor/,Cinema,India
153,176,shahidkapoor,82,1.1k,35.6m,1.3m,2.54%,780.0k,1.5b,,https://www.instagram.com/shahidkapoor/,Actors/actresses,India
154,177,tigerjackieshroff,83,2.1k,35.6m,1.1m,1.20%,422.9k,2.2b,India,https://www.instagram.com/tigerjackieshroff/,Cinema,India
154,177,tigerjackieshroff,83,2.1k,35.6m,1.1m,1.20%,422.9k,2.2b,India,https://www.instagram.com/tigerjackieshroff/,Actors/actresses,India
155,178,kimberly.loaiza,78,0.59k,35.5m,2.6m,5.23%,1.8m,1.6b,Mexico,https://www.instagram.com/kimberly.loaiza/,Clothing,Mexico
155,178,kimberly.loaiza,78,0.59k,35.5m,2.6m,5.23%,1.8m,1.6b,Mexico,https://www.instagram.com/kimberly.loaiza/,Outfits,Mexico
155,178,kimberly.loaiza,78,0.59k,35.5m,2.6m,5.23%,1.8m,1.6b,Mexico,https://www.instagram.com/kimberly.loaiza/,Lifestyle,Mexico
156,179,barackobama,81,0.66k,35.4m,1.1m,1.19%,411.5k,739.5m,United States,https://www.instagram.com/barackobama/,Finance,United States
156,179,barackobama,81,0.66k,35.4m,1.1m,1.19%,411.5k,739.5m,United States,https://www.instagram.com/barackobama/,Economics,United States
156,179,barackobama,81,0.66k,35.4m,1.1m,1.19%,411.5k,739.5m,United States,https://www.instagram.com/barackobama/,Business,United States
156,179,barackobama,81,0.66k,35.4m,1.1m,1.19%,411.5k,739.5m,United States,https://www.instagram.com/barackobama/,Careers,United States
156,179,barackobama,81,0.66k,35.4m,1.1m,1.19%,411.5k,739.5m,United States,https://www.instagram.com/barackobama/,Family,United States
157,180,sachintendulkar,76,1.0k,35.3m,800.4k,2.03%,664.5k,810.0m,,https://www.instagram.com/sachintendulkar/,Sports with a ball,India
157,180,sachintendulkar,76,1.0k,35.3m,800.4k,2.03%,664.5k,810.0m,,https://www.instagram.com/sachintendulkar/,Lifestyle,India
158,184,toni.kr8s,83,0.94k,34.7m,597.2k,1.68%,533.5k,561.3m,,https://www.instagram.com/toni.kr8s/,Sports with a ball,Germany
159,185,dannapaola,68,1.9k,34.7m,1.5m,3.49%,1.2m,2.8b,Mexico,https://www.instagram.com/dannapaola/,Music,Mexico
160,186,paollaoliveirareal,84,4.6k,34.7m,367.8k,0.57%,192.3k,1.7b,,https://www.instagram.com/paollaoliveirareal/,Cinema,Brazil
160,186,paollaoliveirareal,84,4.6k,34.7m,367.8k,0.57%,192.3k,1.7b,,https://www.instagram.com/paollaoliveirareal/,Actors/actresses,Brazil
160,186,paollaoliveirareal,84,4.6k,34.7m,367.8k,0.57%,192.3k,1.7b,,https://www.instagram.com/paollaoliveirareal/,Lifestyle,Brazil
160,186,paollaoliveirareal,84,4.6k,34.7m,367.8k,0.57%,192.3k,1.7b,,https://www.instagram.com/paollaoliveirareal/,Fashion,Brazil
161,188,adidasoriginals,83,0.15k,34.2m,136.2k,0.20%,66.8k,21.2m,,https://www.instagram.com/adidasoriginals/,Clothing,United States
161,188,adidasoriginals,83,0.15k,34.2m,136.2k,0.20%,66.8k,21.2m,,https://www.instagram.com/adidasoriginals/,Outfits,United States
161,188,adidasoriginals,83,0.15k,34.2m,136.2k,0.20%,66.8k,21.2m,,https://www.instagram.com/adidasoriginals/,Shopping,United States
161,188,adidasoriginals,83,0.15k,34.2m,136.2k,0.20%,66.8k,21.2m,,https://www.instagram.com/adidasoriginals/,Retail,United States
162,189,disney,77,7.3k,34.2m,185.2k,0.44%,132.0k,1.4b,United States,https://www.instagram.com/disney/,Shows,United States
163,190,shaymitchell,83,6.3k,34.1m,732.4k,0.73%,247.5k,4.6b,United States,https://www.instagram.com/shaymitchell/,Beauty,United States
163,190,shaymitchell,83,6.3k,34.1m,732.4k,0.73%,247.5k,4.6b,United States,https://www.instagram.com/shaymitchell/,Family,United States
163,190,shaymitchell,83,6.3k,34.1m,732.4k,0.73%,247.5k,4.6b,United States,https://www.instagram.com/shaymitchell/,Lifestyle,United States
164,191,bmw,79,9.3k,33.7m,231.3k,0.23%,76.5k,2.2b,Germany,https://www.instagram.com/bmw/,Cars,Iran
164,191,bmw,79,9.3k,33.7m,231.3k,0.23%,76.5k,2.2b,Germany,https://www.instagram.com/bmw/,Motorbikes,Iran
165,193,khabib_nurmagomedov,63,4.5k,33.5m,685.1k,0.67%,220.7k,3.1b,Russia,https://www.instagram.com/khabib_nurmagomedov/,Fitness,Russia
165,193,khabib_nurmagomedov,63,4.5k,33.5m,685.1k,0.67%,220.7k,3.1b,Russia,https://www.instagram.com/khabib_nurmagomedov/,Gym,Russia
166,194,zidane,41,0.37k,33.5m,1.1m,1.61%,532.7k,391.9m,France,https://www.instagram.com/zidane/,Sports with a ball,Spain
167,195,sonamkapoor,75,4.8k,33.3m,264.7k,0.63%,209.2k,1.3b,India,https://www.instagram.com/sonamkapoor/,Fashion,India
167,195,sonamkapoor,75,4.8k,33.3m,264.7k,0.63%,209.2k,1.3b,India,https://www.instagram.com/sonamkapoor/,Modeling,India
168,196,iambeckyg,71,2.3k,33.2m,623.8k,1.40%,464.7k,1.4b,United States,https://www.instagram.com/iambeckyg/,Music,Mexico
169,197,nancyajram,81,3.8k,33.2m,390.4k,0.64%,208.0k,1.5b,France,https://www.instagram.com/nancyajram/,Music,Iraq
170,199,nickjonas,78,2.3k,33.0m,719.6k,1.42%,467.7k,1.7b,United States,https://www.instagram.com/nickjonas/,Music,United States
170,199,nickjonas,78,2.3k,33.0m,719.6k,1.42%,467.7k,1.7b,United States,https://www.instagram.com/nickjonas/,Art,United States
170,199,nickjonas,78,2.3k,33.0m,719.6k,1.42%,467.7k,1.7b,United States,https://www.instagram.com/nickjonas/,Artists,United States
171,200,raisa6690,80,4.2k,32.8m,232.2k,0.30%,97.4k,969.1m,Indonesia,https://www.instagram.com/raisa6690/,Music,Indonesia
